N,P,K,temperature,humidity,ph,rainfall,label
28,11,194,25.5,35.62,7.31,209.48,cotton
22,113,13,20.6,35.3,6.27,27.43,maize
139,112,61,28.98,39.47,7.91,232.47,maize
108,92,76,23.11,87.0,5.51,45.97,rice
91,93,159,25.29,23.04,6.07,54.95,barley
20,80,165,32.37,80.32,6.6,217.28,rice
58,79,25,37.11,80.65,5.71,146.95,wheat
41,99,95,24.19,38.69,8.21,201.45,cotton
43,141,191,24.9,52.36,5.21,279.11,millet
56,88,201,35.52,36.03,4.14,108.33,wheat
16,59,150,37.53,42.03,6.95,130.78,millet
117,41,72,22.79,72.15,6.43,229.16,barley
102,97,61,39.95,29.68,6.22,231.62,rice
39,45,179,28.44,24.45,5.72,298.91,cotton
64,7,179,34.41,67.72,6.42,94.71,millet
87,33,80,28.7,51.76,8.29,265.24,wheat
128,50,134,38.25,80.94,5.34,198.91,cotton
50,44,100,35.25,57.76,7.5,168.5,rice
82,130,9,22.24,45.41,8.43,245.9,maize
14,66,150,38.94,26.0,6.19,39.38,cotton
32,37,173,29.51,58.49,5.19,264.28,barley
54,143,198,34.6,34.08,5.4,298.64,millet
95,117,137,29.03,37.35,4.29,25.89,cotton
58,61,6,21.42,64.18,5.03,273.52,wheat
18,136,65,25.57,53.98,6.43,222.54,cotton
121,67,205,29.46,48.49,4.42,204.52,wheat
108,110,124,37.28,23.79,6.94,200.93,rice
103,91,32,24.97,33.31,6.02,138.13,wheat
118,68,24,28.86,80.29,6.48,34.16,cotton
3,28,197,36.97,31.64,6.19,79.85,barley
15,47,102,20.04,47.33,8.17,239.84,wheat
108,129,44,23.8,35.24,4.26,226.01,rice
80,19,17,31.68,55.2,7.84,64.08,cotton
20,52,22,31.9,67.26,5.06,53.57,cotton
63,15,163,21.64,66.02,6.54,108.58,wheat
52,85,66,25.31,29.16,6.9,148.02,rice
2,122,164,39.97,89.73,4.33,79.68,wheat
33,94,22,37.59,45.87,4.71,253.45,millet
77,140,7,33.36,58.82,8.19,49.0,maize
67,34,32,34.85,30.88,5.27,78.98,wheat
52,72,134,29.77,83.37,7.81,45.84,barley
70,16,5,26.67,29.16,8.41,65.24,barley
109,7,33,21.5,81.82,8.07,172.77,wheat
37,115,37,20.84,45.53,8.2,292.21,rice
91,58,179,24.99,27.2,7.51,267.56,barley
39,65,46,39.52,76.75,7.97,26.94,millet
85,110,176,37.28,76.75,5.2,240.46,rice
97,14,125,24.45,77.16,6.07,105.45,maize
57,11,173,23.86,42.98,7.89,290.73,wheat
89,135,107,33.59,79.06,5.49,27.73,wheat
45,72,14,22.17,50.42,7.28,107.83,cotton
130,34,103,37.99,33.31,4.2,142.1,cotton
137,55,98,28.63,86.42,8.14,194.48,millet
31,81,134,26.19,48.59,5.81,102.78,maize
49,112,175,38.81,67.41,8.06,192.34,wheat
103,145,5,26.08,34.71,7.54,189.87,wheat
119,118,118,33.51,55.78,7.57,288.75,millet
43,26,77,30.31,64.31,5.51,249.16,maize
79,62,55,22.95,23.23,8.43,191.16,rice
116,111,166,31.51,70.28,5.73,131.9,maize
1,32,204,28.5,32.31,8.31,165.03,rice
63,36,121,22.67,52.53,6.39,176.5,wheat
113,134,114,36.61,58.35,8.04,228.22,barley
115,71,197,24.94,64.64,7.45,165.96,millet
61,75,117,21.55,40.0,5.22,109.52,cotton
20,40,43,24.63,68.58,7.18,37.98,barley
84,143,124,28.32,34.48,5.89,273.35,cotton
5,102,127,20.12,44.62,7.39,258.97,barley
137,144,159,37.96,54.18,5.23,155.98,barley
86,108,190,23.3,52.72,4.57,194.23,rice
100,11,26,32.85,29.5,6.08,34.08,barley
83,59,121,26.54,73.29,5.71,230.56,barley
64,25,125,20.39,57.76,8.5,117.99,millet
17,15,198,20.62,37.31,7.78,193.97,maize
32,126,176,22.29,86.34,6.09,91.75,wheat
42,34,204,36.39,87.53,4.49,27.19,wheat
96,106,188,23.97,61.45,7.74,88.0,millet
77,35,149,35.65,44.3,5.93,123.76,cotton
87,8,112,36.45,27.39,8.32,197.96,barley
39,116,50,34.68,87.58,5.22,246.3,cotton
123,124,116,36.51,61.47,5.45,88.74,rice
71,120,67,35.01,59.89,7.01,114.19,barley
83,51,129,24.24,75.85,5.53,266.49,millet
70,7,137,38.96,25.99,7.24,156.8,maize
121,130,119,35.86,26.51,5.0,213.7,wheat
94,126,146,30.62,49.79,7.36,112.62,millet
116,74,83,25.03,28.45,4.87,53.48,cotton
47,54,60,34.77,39.35,6.65,232.86,cotton
72,30,54,25.92,45.26,5.36,218.25,maize
70,16,18,31.07,68.82,4.57,263.17,barley
26,8,151,25.69,53.51,5.53,290.34,wheat
122,34,21,28.01,25.19,6.83,35.01,maize
77,26,68,22.37,73.51,6.73,241.41,maize
133,102,120,38.17,40.81,6.65,140.07,cotton
15,30,200,24.16,34.77,6.97,63.98,maize
19,45,5,28.17,68.26,6.11,29.14,wheat
72,121,23,33.75,84.67,7.55,195.02,millet
50,113,34,30.89,65.33,8.09,251.46,rice
15,47,83,31.9,77.7,8.15,142.96,barley
77,108,74,30.01,54.57,4.36,31.16,barley
82,69,11,21.83,87.33,7.76,181.06,rice
68,15,200,35.13,52.94,6.93,276.5,maize
111,130,28,29.4,48.58,5.44,49.29,maize
84,110,182,29.91,66.38,5.8,232.94,rice
116,27,85,25.05,28.11,7.48,262.17,rice
138,123,110,21.08,56.29,6.8,159.58,barley
13,57,73,30.98,84.94,5.97,215.51,rice
7,66,186,23.17,58.56,6.49,46.1,rice
118,35,170,36.64,54.89,7.22,162.48,wheat
106,128,125,24.87,58.59,5.73,278.12,cotton
34,22,75,35.45,79.81,5.53,240.56,wheat
0,77,190,25.97,61.09,8.5,157.1,maize
114,142,128,26.9,58.63,6.45,147.5,wheat
48,66,151,27.66,79.92,5.85,109.09,barley
97,103,174,35.85,65.64,4.68,290.15,maize
128,89,30,37.48,50.82,6.37,147.94,millet
36,109,172,39.4,25.24,7.52,94.21,cotton
101,25,89,37.05,80.15,5.71,108.67,millet
124,143,14,32.35,36.43,7.08,100.47,maize
23,116,30,35.21,69.27,4.45,66.58,wheat
7,16,88,35.92,40.54,5.69,60.76,cotton
105,51,48,23.5,62.66,5.72,211.28,barley
36,64,123,32.76,52.17,7.0,271.69,barley
73,144,45,21.48,86.17,8.44,103.76,barley
64,121,82,23.98,46.93,6.17,86.42,cotton
91,80,184,25.9,88.46,6.96,96.85,cotton
12,132,78,35.51,36.11,7.61,81.32,maize
64,40,165,21.94,63.92,4.18,240.81,rice
93,38,28,38.19,42.87,5.87,76.22,cotton
93,140,133,38.27,78.13,5.16,250.91,barley
75,91,34,29.37,25.27,7.39,83.17,millet
101,98,28,35.81,20.97,6.41,147.34,millet
67,102,168,38.81,27.58,5.05,27.01,cotton
83,61,170,21.26,77.67,8.09,104.61,barley
29,40,16,38.93,41.31,6.22,47.21,cotton
34,104,121,27.42,86.46,7.13,171.25,cotton
39,111,172,21.98,54.25,5.84,286.43,rice
94,60,118,28.89,36.53,5.63,294.66,wheat
139,96,20,27.96,33.29,4.55,257.45,barley
23,59,169,32.79,87.98,4.23,113.38,maize
52,22,200,31.08,61.05,7.66,85.24,maize
0,75,42,39.75,57.82,7.59,50.78,rice
33,8,96,35.8,36.66,5.46,68.79,rice
32,112,139,22.27,24.45,6.02,121.37,cotton
27,120,133,24.43,63.06,7.27,274.45,millet
133,82,122,32.87,22.18,8.49,257.24,barley
27,130,187,38.19,25.14,4.36,190.32,rice
32,75,164,32.66,58.38,5.46,298.5,cotton
75,121,134,32.11,26.94,7.16,258.78,millet
55,115,120,37.76,48.97,7.72,131.64,millet
24,85,114,26.25,37.84,8.29,212.31,barley
17,28,26,21.86,26.76,7.32,247.3,cotton
15,89,176,22.44,44.75,6.99,230.08,millet
13,78,158,26.25,27.25,6.28,63.32,barley
57,32,94,36.91,45.73,7.43,180.75,barley
6,73,12,23.61,69.19,5.39,115.15,rice
46,41,149,33.15,24.87,7.33,292.11,rice
135,60,101,28.4,43.86,5.67,222.05,cotton
21,18,44,23.15,63.25,7.03,96.19,millet
108,129,160,28.84,39.12,7.4,51.87,barley
28,77,178,33.57,54.06,7.0,32.72,barley
14,6,57,26.03,34.79,4.62,91.55,wheat
30,6,132,34.94,32.3,5.71,217.03,cotton
90,23,106,37.24,22.96,4.08,277.93,wheat
109,108,186,32.8,40.27,5.82,290.54,maize
117,97,27,28.73,27.41,5.96,132.13,rice
101,84,195,26.79,43.31,4.76,162.94,rice
135,135,54,38.12,44.46,7.27,249.31,maize
60,31,42,25.12,32.14,4.69,232.56,rice
45,131,123,35.09,73.19,6.02,278.76,cotton
82,85,43,28.8,52.82,6.84,242.97,cotton
14,95,134,21.48,52.32,4.17,123.25,wheat
19,28,162,31.88,46.91,6.61,287.18,millet
10,120,151,33.04,42.51,6.14,62.24,rice
115,31,92,39.65,25.9,6.91,30.96,millet
112,117,139,30.45,31.11,5.68,99.21,barley
86,18,166,32.95,24.61,4.43,209.95,wheat
64,43,90,21.63,66.45,8.13,106.86,millet
100,38,157,34.18,25.93,6.52,200.18,wheat
32,139,28,32.92,49.64,5.63,121.53,maize
54,92,201,29.73,35.86,4.62,41.61,rice
129,143,194,37.67,22.64,5.52,234.57,maize
96,44,46,23.62,68.5,6.81,272.74,millet
112,16,110,27.29,70.37,8.36,190.97,millet
114,64,141,24.78,87.59,7.53,273.11,maize
94,117,123,35.39,74.47,6.26,137.23,maize
51,40,69,21.04,53.64,5.67,281.6,millet
132,36,77,21.68,31.22,6.02,163.74,barley
23,61,120,37.69,85.13,5.87,131.01,wheat
60,103,25,27.5,21.97,8.19,254.97,millet
85,42,40,20.77,84.22,6.13,252.71,millet
120,119,162,20.11,25.55,5.15,253.79,cotton
135,113,33,35.52,36.63,4.55,86.76,millet
117,21,33,36.73,54.99,6.41,196.95,cotton
61,41,79,28.58,63.04,5.08,136.64,millet
21,139,97,21.35,56.82,6.28,296.73,cotton
5,104,125,20.87,47.08,5.68,229.25,wheat
17,93,66,34.66,63.98,7.47,225.85,wheat
34,16,95,30.92,76.95,4.79,238.16,barley
122,51,39,21.26,74.33,6.06,102.16,rice
51,15,85,38.67,56.08,8.45,172.05,wheat
9,53,78,27.14,74.66,7.9,112.94,rice
94,116,107,34.87,82.62,5.74,292.64,barley
127,99,137,25.33,25.78,5.91,140.57,maize
139,80,87,22.05,42.95,5.33,144.86,millet
109,47,181,28.88,51.3,7.27,275.25,cotton
111,75,168,39.6,86.35,4.34,198.5,wheat
131,45,12,22.86,62.53,7.52,29.74,rice
60,98,97,27.66,59.71,6.72,210.14,wheat
95,118,200,21.54,29.64,5.65,108.03,wheat
63,34,11,34.71,54.93,5.74,177.27,wheat
66,119,59,39.93,39.99,8.12,157.54,rice
34,23,120,23.45,69.94,8.49,246.94,wheat
88,21,145,30.84,82.39,7.83,219.31,millet
44,97,135,24.48,88.96,7.56,86.29,barley
6,97,146,31.45,52.72,8.42,56.34,rice
16,84,106,39.99,70.32,6.37,235.37,cotton
18,37,86,32.85,51.5,7.06,116.46,cotton
46,38,115,30.06,80.77,7.74,165.07,wheat
42,46,87,38.69,35.78,8.26,165.29,wheat
20,69,55,32.7,58.56,4.56,104.79,cotton
23,133,169,23.37,85.91,4.69,204.45,millet
86,15,12,21.62,86.4,7.47,94.1,maize
106,12,132,37.78,58.19,6.89,104.59,maize
103,81,121,21.46,24.19,5.98,155.59,maize
87,41,85,37.23,42.35,8.45,116.7,barley
33,99,136,31.23,42.34,6.1,94.89,maize
36,29,17,25.8,46.89,6.77,89.52,maize
83,85,53,35.26,54.88,6.32,159.65,wheat
127,10,28,38.9,55.38,8.35,80.24,wheat
12,17,77,29.9,81.76,6.94,151.76,cotton
2,32,115,22.68,38.51,5.65,132.91,rice
102,18,150,31.24,45.38,5.3,128.18,barley
140,76,164,33.61,28.32,8.39,130.29,wheat
93,41,55,32.05,48.1,4.18,30.9,millet
85,126,137,29.14,62.44,6.32,111.83,cotton
81,46,105,39.81,71.75,5.35,114.18,cotton
136,130,186,31.26,53.24,4.07,112.75,rice
106,83,190,37.44,64.05,6.69,94.35,millet
58,18,154,29.61,56.7,7.25,236.89,barley
37,67,13,31.45,69.04,4.86,143.49,barley
38,110,181,24.08,55.13,6.75,152.05,millet
15,40,137,24.15,42.75,6.98,167.13,wheat
44,122,141,26.85,44.8,7.47,221.86,millet
67,128,54,39.15,39.53,5.34,283.62,wheat
73,58,181,34.1,42.19,5.57,281.44,millet
70,78,36,31.47,58.02,8.03,130.47,wheat
37,79,15,25.75,69.99,5.56,143.87,wheat
122,59,56,36.56,38.98,6.53,96.05,rice
61,67,17,33.4,57.17,6.87,34.7,barley
84,125,30,33.62,29.62,8.34,293.81,maize
104,126,127,33.01,72.91,5.29,99.92,rice
22,64,141,34.77,79.52,4.17,278.01,barley
45,14,106,35.76,33.04,7.37,264.24,wheat
9,7,81,31.36,27.51,8.42,99.68,millet
139,139,131,37.79,29.39,6.27,96.39,rice
84,46,192,29.18,38.01,4.84,226.25,wheat
49,49,161,37.12,82.79,7.72,164.28,rice
102,29,52,39.63,53.42,8.21,21.91,barley
60,119,197,25.34,43.07,6.62,180.41,wheat
92,65,20,33.36,52.58,4.72,212.1,millet
79,35,168,38.32,40.65,6.77,81.36,maize
122,44,121,34.95,62.4,5.87,173.79,barley
137,60,200,24.95,72.83,7.93,42.92,barley
135,97,24,38.34,27.85,7.73,272.81,maize
137,43,47,26.56,56.42,4.52,77.51,cotton
125,28,135,28.91,23.89,4.59,136.32,cotton
14,123,177,36.14,70.63,5.78,248.61,millet
55,23,16,28.47,69.03,6.44,36.87,rice
120,13,78,28.18,73.83,7.45,293.93,millet
107,100,102,28.97,84.2,5.7,42.47,millet
138,39,172,37.21,28.3,8.47,130.06,maize
57,5,198,20.45,40.89,7.03,172.44,cotton
97,63,68,29.21,30.86,4.85,265.06,rice
8,112,162,35.32,81.86,4.07,77.7,rice
8,119,158,33.44,81.05,5.1,32.39,barley
59,143,60,35.09,74.32,4.63,298.18,maize
81,87,65,26.04,30.03,6.97,81.89,wheat
70,20,147,38.97,81.58,8.1,195.28,barley
126,17,93,38.83,66.99,7.54,109.25,barley
104,43,81,27.53,72.81,6.13,257.82,wheat
36,123,19,31.25,87.75,6.51,57.55,maize
65,57,89,32.93,84.56,7.81,45.89,millet
48,18,73,27.54,62.35,4.18,40.38,cotton
55,127,58,37.39,43.31,8.31,24.29,maize
30,127,67,33.91,69.26,5.78,87.01,wheat
72,102,124,30.67,45.15,5.18,163.59,barley
119,30,189,29.39,78.78,8.11,123.8,barley
11,61,194,22.92,38.25,8.21,182.16,barley
75,44,55,26.6,46.59,7.75,159.8,millet
86,70,200,36.43,87.66,6.89,157.37,maize
90,48,40,34.41,54.18,8.13,171.8,millet
15,139,13,36.78,25.2,7.68,33.58,rice
105,40,166,24.63,69.5,4.04,161.61,wheat
15,128,173,29.76,20.46,6.48,23.32,cotton
70,142,78,20.34,76.92,7.03,245.73,maize
27,29,139,22.98,33.44,6.37,248.26,wheat
101,25,100,39.19,52.13,5.09,215.23,wheat
20,13,28,28.11,46.4,6.14,198.29,millet
43,26,132,36.91,65.14,5.49,293.65,rice
135,15,63,24.23,80.77,7.99,153.14,rice
19,76,144,31.27,22.3,8.18,108.06,maize
36,106,24,25.99,59.48,6.55,257.84,millet
138,89,103,35.11,29.8,8.45,222.77,cotton
88,18,30,28.74,78.71,5.53,235.32,cotton
101,88,12,32.68,74.85,6.03,83.88,cotton
96,115,52,33.59,66.25,4.39,193.21,maize
18,26,73,23.08,69.82,6.85,227.1,wheat
92,32,28,20.1,41.58,5.62,95.53,maize
22,52,115,28.98,58.83,5.84,27.35,wheat
23,88,103,20.25,48.97,7.51,222.96,cotton
62,138,48,33.71,31.87,5.21,95.15,maize
16,47,116,25.52,40.98,7.52,121.11,maize
126,55,122,22.14,41.33,8.27,113.02,cotton
97,89,117,26.69,77.08,7.87,292.78,maize
76,87,159,38.95,34.06,5.41,290.08,wheat
74,130,152,35.64,42.81,5.26,240.04,wheat
29,56,156,39.95,32.59,7.45,27.54,millet
118,58,117,35.95,78.19,4.31,257.38,barley
127,40,167,26.06,37.69,4.69,138.48,barley
18,119,158,29.58,48.06,6.28,277.71,millet
107,144,14,35.81,45.17,8.03,170.33,millet
21,32,201,24.96,66.53,4.75,191.55,cotton
102,89,115,22.12,26.9,5.0,229.12,cotton
56,119,100,27.82,74.06,6.65,160.13,wheat
6,128,31,25.91,84.44,4.39,252.77,millet
36,94,84,26.86,74.9,6.35,117.52,rice
112,120,86,21.34,23.13,7.2,26.32,wheat
27,47,194,24.88,32.21,4.72,176.76,barley
59,108,166,23.69,64.83,5.94,28.17,cotton
50,120,156,28.59,20.31,4.97,97.94,millet
16,31,142,23.74,42.82,6.06,93.46,barley
135,85,157,27.77,47.48,4.51,118.56,barley
44,81,162,31.8,67.05,5.41,86.8,rice
46,100,182,22.83,47.19,6.68,180.95,barley
47,129,167,30.75,84.34,8.19,68.51,maize
125,78,40,23.74,78.94,6.79,262.35,rice
124,39,54,36.3,87.47,6.27,158.59,millet
125,111,186,36.8,54.21,4.37,28.64,maize
74,13,75,24.5,40.21,7.51,178.38,barley
140,135,33,31.45,38.75,6.44,297.45,cotton
10,117,144,24.37,49.76,7.31,203.03,maize
76,13,120,25.26,80.35,4.39,262.28,rice
60,58,193,31.76,44.54,7.2,197.18,maize
35,57,57,36.11,59.91,6.4,187.12,maize
82,79,79,31.45,86.67,6.31,272.04,rice
34,110,20,39.85,80.69,4.57,262.5,maize
37,87,68,35.23,67.34,6.2,181.68,wheat
106,101,120,21.51,75.62,7.46,132.8,millet
71,99,121,39.01,42.91,4.01,236.76,millet
23,122,167,33.28,45.08,4.28,169.64,maize
109,59,131,25.37,77.98,5.52,181.82,cotton
124,92,179,35.25,23.22,6.82,254.28,rice
31,45,117,29.13,89.43,5.93,298.79,maize
77,45,75,21.87,45.23,4.37,206.06,millet
42,18,106,32.51,70.82,7.4,140.18,rice
24,5,59,29.54,29.29,5.02,210.4,rice
2,92,35,39.76,49.56,4.59,39.83,barley
22,31,31,26.27,81.67,4.62,236.57,maize
36,22,140,31.27,62.72,4.74,118.33,maize
38,110,162,33.73,80.2,4.39,48.13,rice
98,94,114,26.29,29.79,5.25,43.59,cotton
72,11,173,37.52,34.38,6.73,72.82,barley
75,18,205,37.96,86.83,6.23,51.57,barley
18,140,8,39.74,85.37,4.59,261.03,cotton
107,98,144,33.66,73.39,8.3,235.7,rice
17,8,72,24.31,84.58,8.27,131.43,wheat
128,111,113,34.04,25.77,6.41,192.49,wheat
21,84,25,30.23,34.22,7.64,170.19,barley
16,84,183,28.75,86.74,5.07,88.45,barley
29,121,161,32.18,41.65,7.34,227.38,rice
3,40,184,20.23,54.75,5.56,164.82,millet
66,47,100,22.54,74.68,5.21,268.2,rice
85,114,74,30.48,38.41,8.39,195.71,barley
116,135,97,21.11,80.16,4.75,64.05,rice
29,63,194,30.18,23.08,7.88,88.47,barley
93,103,43,23.58,87.22,4.16,244.87,millet
107,62,87,24.97,84.11,5.44,251.28,cotton
95,35,133,33.47,23.69,5.0,164.42,rice
102,22,124,37.32,74.15,5.4,44.19,barley
2,99,56,25.83,74.92,7.33,87.92,wheat
126,55,192,38.01,73.23,5.1,21.79,barley
6,64,143,26.93,78.77,7.95,286.28,rice
96,83,31,24.1,88.82,5.89,289.13,maize
71,28,16,38.43,82.81,6.34,216.24,wheat
117,26,153,21.91,29.35,7.69,40.95,cotton
15,116,174,39.28,36.57,5.17,108.2,barley
83,86,120,25.44,25.23,4.91,238.38,cotton
27,44,32,23.29,52.62,5.83,170.06,maize
115,83,123,25.3,28.39,4.71,212.1,millet
10,60,88,22.97,69.78,8.36,130.95,rice
76,71,49,20.62,48.31,6.03,229.46,maize
24,123,31,36.08,29.79,4.05,252.5,maize
33,55,107,27.44,64.12,6.9,183.05,wheat
19,10,21,23.96,65.22,7.64,45.75,wheat
31,15,123,21.01,84.69,5.95,222.84,barley
7,102,179,28.53,44.78,8.09,96.99,barley
38,13,162,32.38,37.2,5.33,135.36,cotton
122,20,27,25.6,29.61,4.9,267.7,cotton
63,144,9,39.79,74.73,5.62,172.46,barley
88,133,87,27.77,32.59,5.43,81.33,wheat
14,125,140,27.15,60.88,5.05,64.69,maize
61,73,141,36.33,84.21,4.25,298.99,maize
99,95,49,23.52,61.48,7.63,215.34,cotton
7,95,150,31.27,59.42,4.85,296.64,barley
138,84,49,29.81,26.32,5.05,81.27,cotton
122,5,89,38.36,34.1,4.59,220.74,wheat
15,10,42,31.73,84.21,7.48,257.01,wheat
18,100,185,38.84,47.69,4.45,104.49,maize
40,116,168,39.21,65.44,4.78,291.25,millet
91,62,175,31.78,32.27,5.38,212.78,maize
45,5,184,38.97,47.41,8.47,290.25,rice
46,86,161,24.42,59.59,8.22,59.38,millet
19,65,93,39.65,31.75,7.98,44.84,millet
85,119,7,25.3,37.47,4.31,91.86,rice
0,17,103,28.76,49.38,4.75,135.93,barley
89,144,101,22.03,53.56,7.89,202.27,millet
57,46,120,21.47,79.2,5.33,109.24,rice
18,92,48,37.76,31.26,4.34,283.71,rice
86,128,185,20.62,85.97,4.74,269.13,maize
13,30,89,24.11,33.3,7.14,222.17,millet
138,72,174,25.63,36.63,4.22,180.1,barley
39,18,97,20.08,26.13,7.71,195.03,barley
51,29,11,24.14,64.67,8.4,152.6,rice
78,106,125,29.78,66.27,4.41,172.36,maize
94,102,99,23.73,23.12,5.98,93.75,wheat
15,43,197,33.93,26.77,7.01,246.29,barley
58,20,104,36.37,49.3,6.41,262.73,barley
60,126,81,21.58,83.19,7.21,160.59,cotton
37,35,198,28.98,86.43,4.75,79.33,maize
32,15,113,21.57,67.82,4.91,250.32,maize
66,86,191,38.28,24.69,5.75,131.26,wheat
70,138,122,38.34,20.87,7.15,184.52,barley
28,111,43,22.96,61.16,7.41,283.1,rice
25,78,142,37.6,81.45,5.19,203.34,cotton
121,14,49,25.51,30.07,6.74,214.23,rice
101,89,181,24.75,72.2,8.14,271.17,rice
86,82,84,25.61,54.41,7.13,47.5,maize
34,81,195,28.86,77.81,5.21,136.7,millet
22,53,118,24.23,77.68,7.33,232.66,wheat
14,136,45,21.31,69.67,5.82,238.54,cotton
7,49,54,37.5,34.05,4.26,29.26,rice
92,55,75,27.37,52.5,5.79,278.46,millet
7,66,100,29.78,51.23,8.32,152.88,cotton
89,93,46,36.75,38.11,7.74,45.31,rice
98,17,46,37.08,74.59,4.96,81.98,maize
52,73,171,28.19,21.4,7.51,234.92,rice
121,38,170,23.46,76.06,5.01,190.34,wheat
70,113,101,37.03,52.13,4.98,104.6,cotton
101,31,6,30.23,66.36,7.79,124.78,millet
72,81,180,22.16,24.47,8.45,199.37,wheat
66,81,53,23.0,73.58,8.05,245.52,cotton
103,86,179,22.8,21.78,6.24,102.77,barley
103,104,193,20.71,69.56,6.57,73.18,millet
56,141,168,35.7,83.46,7.02,162.05,maize
46,80,29,29.42,71.86,7.26,176.53,maize
85,27,61,27.11,72.09,5.38,240.67,wheat
95,71,154,25.88,79.58,6.12,262.59,cotton
18,125,54,30.01,80.72,5.72,103.54,rice
38,40,56,26.85,89.1,8.02,296.26,maize
80,51,204,21.62,43.28,8.44,107.76,rice
1,120,75,24.19,74.15,6.59,64.36,rice
33,116,167,28.59,50.03,6.15,21.31,cotton
51,100,8,37.84,72.98,6.39,25.02,rice
63,62,182,37.54,41.85,4.46,160.93,wheat
42,21,16,25.96,40.36,7.28,186.98,wheat
111,39,92,39.92,54.31,7.38,66.17,barley
4,63,62,34.54,29.18,7.3,185.11,maize
31,98,187,33.01,22.62,7.94,91.62,cotton
12,17,174,22.16,78.53,4.22,52.42,barley
97,36,145,25.05,69.13,4.92,212.01,rice
77,112,174,22.02,56.42,6.8,216.2,barley
26,135,189,32.35,39.79,7.53,159.37,cotton
51,72,138,39.46,45.05,5.84,64.9,cotton
127,58,181,38.66,43.14,4.01,208.06,rice
126,43,28,35.59,25.25,7.26,273.34,millet
59,121,80,25.28,23.51,7.66,264.76,wheat
92,85,114,34.77,26.65,7.41,32.85,maize
43,89,96,37.89,86.86,5.21,225.26,wheat
87,51,34,28.02,87.36,5.22,128.0,barley
107,47,33,22.65,70.85,8.42,256.42,rice
106,128,150,33.57,32.69,5.71,120.41,rice
33,128,129,22.26,48.79,4.21,93.25,wheat
3,139,201,34.87,70.66,5.01,287.61,wheat
132,138,181,34.01,26.67,6.98,89.6,wheat
98,43,147,37.84,62.9,4.05,281.62,cotton
120,131,47,21.5,54.42,5.08,291.64,rice
129,62,145,32.87,48.23,5.06,148.55,cotton
114,27,132,28.94,28.31,6.24,202.94,rice
103,110,14,31.14,20.01,4.41,189.18,cotton
77,135,148,24.14,67.0,8.28,121.74,rice
57,121,89,31.2,63.38,6.13,204.01,millet
115,34,29,35.19,35.52,5.54,252.37,wheat
140,138,100,34.04,23.2,4.74,59.33,millet
104,32,70,32.22,33.13,8.19,130.01,barley
48,91,32,35.14,23.26,6.85,208.2,rice
115,122,173,31.79,55.29,8.34,21.21,millet
12,115,154,29.66,55.58,8.15,69.62,cotton
44,37,31,27.75,62.04,7.97,161.15,barley
107,68,75,27.96,44.0,5.32,245.34,maize
105,136,81,36.86,58.35,5.41,226.31,cotton
55,56,58,32.48,40.34,5.55,208.26,millet
45,133,143,33.89,42.57,4.52,118.63,barley
106,141,78,37.55,49.57,4.06,49.81,barley
37,18,176,21.13,38.69,7.53,295.39,millet
64,42,20,33.81,40.66,7.39,29.05,barley
26,62,195,32.94,47.22,6.3,243.11,millet
73,17,102,27.75,86.97,8.39,107.54,cotton
13,8,195,25.03,63.44,7.51,263.63,maize
94,144,194,32.07,74.33,8.34,102.37,maize
19,52,49,34.7,28.35,4.18,98.15,wheat
33,46,154,36.92,20.4,6.1,282.5,rice
39,87,157,21.02,85.27,6.77,205.33,barley
140,96,23,35.68,42.25,4.99,71.48,rice
129,45,111,30.86,48.24,5.57,267.35,millet
84,89,97,25.87,86.52,6.78,152.96,cotton
2,34,176,26.92,36.82,6.89,277.21,maize
10,87,102,38.32,86.15,5.74,171.27,wheat
6,137,202,27.5,76.2,6.01,32.28,millet
49,87,136,21.65,26.72,8.37,236.53,cotton
1,21,58,33.41,74.15,7.89,138.78,rice
52,142,184,37.57,71.9,5.96,248.69,rice
39,11,122,34.34,22.65,4.33,69.84,wheat
18,63,71,28.15,51.58,5.82,108.59,barley
30,141,6,32.83,63.28,7.4,183.97,millet
18,96,133,22.12,75.08,5.36,44.22,barley
97,106,174,20.62,30.94,4.99,229.09,cotton
75,41,81,33.55,83.99,7.58,224.21,wheat
2,41,36,20.84,60.09,5.77,173.31,rice
78,58,196,34.83,70.82,4.95,273.58,cotton
36,46,52,24.42,78.43,4.87,70.78,cotton
13,145,123,32.89,25.12,7.02,90.19,maize
124,89,96,22.56,65.88,4.45,193.46,maize
81,129,120,26.57,66.16,7.12,62.67,cotton
93,85,114,23.37,41.93,7.54,219.42,millet
111,75,97,22.69,71.31,7.95,149.6,wheat
78,129,146,22.18,65.19,4.37,98.57,maize
137,55,72,34.67,63.86,7.27,269.79,cotton
7,108,201,31.8,83.44,6.48,172.17,cotton
120,43,98,27.85,82.4,6.65,260.01,maize
118,133,135,21.81,45.47,4.05,86.89,cotton
42,136,40,28.92,32.54,8.27,204.64,maize
123,96,15,24.38,54.13,4.28,123.44,rice
52,137,97,27.76,84.25,7.97,31.17,millet
82,31,185,39.37,64.35,5.23,227.73,cotton
139,49,101,33.07,45.57,6.94,253.93,cotton
64,101,62,30.33,44.7,7.9,156.32,barley
1,133,40,28.8,36.1,6.32,98.63,maize
47,45,97,32.04,77.19,6.97,136.09,wheat
29,128,177,29.58,34.75,4.73,253.34,rice
62,16,37,31.47,31.28,6.83,30.97,cotton
37,19,47,25.17,32.6,8.31,187.82,cotton
4,77,26,24.33,62.46,6.12,154.87,maize
105,41,154,36.41,32.73,6.97,94.07,millet
87,121,157,31.81,36.09,5.73,50.4,maize
133,134,180,28.4,30.47,4.43,153.24,cotton
9,141,133,35.05,26.52,6.97,272.56,cotton
0,115,138,28.41,81.24,7.14,140.11,barley
97,94,155,36.09,83.55,7.77,181.31,barley
34,70,127,35.32,83.71,4.38,187.52,cotton
104,70,53,20.11,72.06,4.03,166.31,cotton
1,101,172,24.11,76.3,5.84,49.84,barley
64,71,142,28.47,45.6,5.24,210.57,maize
105,128,50,27.4,58.84,5.14,105.86,wheat
101,40,173,22.38,36.08,7.52,285.79,rice
54,135,107,35.72,76.06,6.76,211.68,rice
41,104,167,20.11,26.38,4.65,279.24,barley
22,21,72,24.44,25.6,4.17,127.61,barley
133,78,187,39.27,24.02,7.48,69.08,barley
112,7,56,37.01,85.15,6.33,74.53,cotton
130,137,183,24.63,31.86,4.16,86.99,rice
40,27,75,35.59,44.72,5.78,184.1,cotton
3,22,28,30.99,70.83,6.52,183.22,wheat
70,62,160,39.26,51.83,5.82,21.3,maize
104,134,32,31.17,55.22,5.53,52.76,cotton
65,142,152,25.0,50.99,5.7,155.42,maize
86,122,179,29.21,61.08,4.12,52.56,rice
97,61,178,34.02,76.01,5.86,118.87,cotton
2,72,68,25.75,47.93,7.37,115.76,cotton
45,126,85,27.07,82.6,5.21,285.19,millet
48,132,193,23.99,71.48,7.93,77.9,maize
63,96,44,35.58,28.39,4.35,287.62,barley
1,143,15,36.96,45.98,5.42,271.47,cotton
70,130,51,39.69,84.12,5.26,82.19,cotton
32,18,139,35.99,53.48,6.43,160.69,barley
44,122,35,33.96,52.2,7.1,23.31,maize
97,30,88,27.23,80.33,4.84,93.6,wheat
120,92,98,23.68,49.68,5.89,230.61,wheat
102,76,120,23.6,29.18,6.59,84.0,rice
69,65,147,28.64,46.66,4.66,288.56,maize
121,7,50,28.43,29.41,8.02,196.58,cotton
80,129,81,25.02,80.1,4.21,47.71,maize
15,60,70,29.53,64.09,6.02,113.7,wheat
92,70,93,20.4,28.49,7.9,289.67,maize
137,49,204,25.69,42.76,6.3,236.93,barley
20,102,162,25.73,64.22,4.65,66.92,wheat
107,108,23,21.58,44.05,5.41,202.84,millet
68,106,74,37.75,74.67,8.22,229.41,cotton
115,110,47,23.68,21.62,7.27,205.37,millet
20,58,47,27.94,26.69,8.22,152.49,rice
6,106,139,35.3,25.83,5.18,63.48,millet
99,84,63,24.95,39.89,6.82,56.76,maize
7,13,174,27.14,84.07,7.89,150.81,cotton
69,145,118,22.7,86.39,6.43,185.43,barley
111,139,168,32.79,41.68,5.56,171.11,rice
113,83,98,28.24,30.9,4.05,166.53,maize
88,78,125,30.7,68.14,6.21,231.53,wheat
2,115,79,31.94,75.77,6.47,72.8,cotton
111,106,68,23.27,71.6,5.75,125.94,wheat
20,113,165,24.79,73.52,8.09,246.12,millet
69,77,171,34.86,76.62,5.86,258.97,maize
34,79,33,32.74,63.24,5.22,194.37,maize
82,9,43,20.99,57.45,4.84,48.64,wheat
32,117,191,20.16,26.31,4.07,80.81,barley
79,132,100,29.27,75.4,5.49,256.19,maize
14,73,203,27.85,58.02,4.82,270.8,wheat
97,8,36,39.49,70.03,5.73,292.99,maize
8,55,122,34.71,26.58,7.0,78.37,barley
79,87,45,32.58,22.95,8.22,165.86,wheat
123,81,55,27.21,23.65,7.0,292.52,maize
111,88,8,23.35,39.33,4.54,240.96,rice
10,126,181,31.92,46.0,4.4,64.16,rice
86,20,20,27.11,30.77,6.41,50.07,barley
59,86,147,35.77,72.97,7.62,142.84,maize
5,101,96,34.49,37.55,4.18,217.86,cotton
75,143,183,29.8,59.67,6.45,110.63,barley
70,46,22,30.62,51.46,7.69,171.65,barley
0,134,102,34.67,81.81,6.79,121.94,cotton
61,87,189,21.27,87.7,7.69,73.16,millet
127,44,161,25.66,48.69,5.45,46.95,millet
17,16,38,23.57,22.19,4.48,73.65,rice
99,130,139,32.48,61.32,4.22,81.8,millet
18,8,58,33.11,84.99,7.74,151.06,millet
15,97,147,34.87,82.33,7.7,242.39,rice
68,140,15,34.69,78.41,4.35,80.45,cotton
24,30,190,24.62,46.97,4.87,203.93,cotton
45,111,196,22.11,64.7,5.61,148.44,millet
109,31,47,35.85,58.5,6.27,204.11,cotton
113,95,85,31.0,89.78,7.8,135.46,millet
110,87,160,24.81,58.19,5.69,174.07,millet
65,97,120,28.95,47.8,7.27,295.23,cotton
4,137,39,39.87,41.13,5.35,82.13,wheat
5,75,146,30.23,59.95,6.57,46.4,barley
91,44,40,25.3,82.27,5.12,91.75,wheat
23,107,150,38.36,71.4,7.26,242.01,maize
124,29,157,32.85,22.62,7.64,126.83,rice
85,94,116,28.33,80.75,7.91,83.48,millet
2,102,18,26.1,22.88,6.43,61.88,cotton
56,44,17,33.47,89.82,8.37,230.8,cotton
129,28,61,28.64,75.05,4.67,114.13,barley
12,145,107,25.25,47.9,5.96,215.4,maize
123,55,129,27.91,59.99,6.53,299.18,cotton
63,67,23,25.33,50.1,7.08,181.29,rice
105,113,98,26.97,42.45,6.67,26.78,wheat
43,94,162,36.43,76.2,6.8,143.33,maize
51,100,44,35.15,79.69,4.51,35.27,cotton
37,78,8,26.87,76.3,5.37,151.93,wheat
53,142,59,24.08,56.63,5.16,155.25,millet
36,9,101,31.66,66.45,4.2,67.69,wheat
51,74,18,29.3,86.16,4.3,204.9,millet
92,32,9,25.85,81.84,5.74,294.34,cotton
25,85,129,37.34,57.21,4.84,160.18,barley
5,15,68,38.45,41.34,6.2,228.43,rice
88,95,95,32.5,36.53,8.4,160.35,rice
65,104,12,38.88,86.44,5.02,115.7,barley
35,27,191,27.64,87.24,6.76,195.15,maize
106,66,151,23.05,87.94,8.09,112.2,cotton
33,57,172,22.77,57.89,7.6,261.52,wheat
134,39,115,39.91,88.3,4.65,281.25,maize
81,22,147,30.66,70.36,4.83,255.07,maize
7,86,110,39.22,41.23,7.36,250.08,millet
70,43,204,23.76,29.21,4.12,296.07,cotton
68,64,157,24.64,68.12,5.62,212.68,barley
34,133,159,29.38,65.47,4.83,128.49,barley
35,46,54,24.53,48.6,8.36,279.12,barley
56,56,198,24.09,32.4,8.3,143.0,cotton
125,88,122,37.75,49.93,7.49,190.22,barley
80,105,161,38.78,60.04,6.41,199.59,millet
9,138,32,29.03,77.89,4.19,298.83,cotton
137,106,193,20.79,47.12,7.44,289.53,maize
74,117,106,37.69,74.16,5.29,66.62,wheat
13,137,41,29.27,65.23,4.41,160.18,maize
139,39,105,28.27,51.56,4.8,185.29,millet
51,121,28,25.0,68.42,8.08,243.02,millet
31,28,34,34.12,64.39,4.38,218.04,millet
130,45,101,31.01,23.07,4.77,113.85,millet
38,46,42,23.58,69.84,5.89,106.67,barley
73,51,35,37.97,87.23,4.02,234.31,rice
117,132,132,30.87,20.4,7.97,86.61,cotton
121,121,109,28.84,62.09,4.03,267.01,wheat
53,17,52,22.97,65.73,4.17,259.07,millet
76,89,27,20.98,49.19,4.8,208.19,cotton
45,121,196,31.58,85.2,4.42,103.8,wheat
97,22,199,28.55,58.53,5.32,57.67,millet
70,89,139,28.28,34.69,4.94,36.29,cotton
135,27,128,34.48,62.33,7.55,217.91,barley
81,71,139,31.5,63.63,8.17,192.0,barley
133,132,131,36.16,81.86,5.05,101.34,maize
0,35,11,29.3,75.77,7.32,78.05,cotton
106,110,16,26.68,59.23,6.87,23.16,maize
72,70,22,26.16,55.47,5.46,21.72,millet
85,92,106,34.49,63.12,4.13,69.18,wheat
86,127,126,35.95,65.2,6.17,195.62,cotton
85,123,205,36.28,84.95,4.25,165.9,cotton
80,142,9,24.17,67.98,7.6,268.65,wheat
16,43,76,36.81,43.74,5.69,169.6,maize
99,52,157,22.34,74.76,5.39,260.19,millet
8,74,110,21.74,81.39,5.67,252.25,wheat
55,139,82,23.5,46.2,4.17,76.59,rice
113,134,11,35.98,83.35,4.69,115.23,barley
134,84,203,26.55,73.86,4.44,295.04,cotton
33,57,190,20.73,47.13,7.89,52.43,wheat
11,27,90,29.34,23.23,6.34,204.52,wheat
5,84,168,37.84,42.46,4.87,97.46,wheat
112,35,74,22.99,39.15,4.07,194.42,cotton
26,57,143,27.01,42.29,4.64,217.22,wheat
62,48,23,26.23,82.46,6.43,34.2,rice
120,17,32,27.67,26.03,5.76,217.31,cotton
114,96,84,26.65,33.87,7.41,246.6,rice
119,38,28,36.26,84.38,6.11,147.56,millet
119,125,64,38.95,30.06,8.03,92.25,wheat
100,51,184,38.35,43.12,7.87,110.93,barley
7,21,126,22.26,53.51,7.81,99.03,wheat
32,135,31,28.11,70.0,4.48,175.72,rice
77,141,123,28.02,48.94,6.79,173.43,barley
98,21,92,24.16,68.58,5.94,294.46,cotton
87,144,182,24.72,66.38,4.35,280.64,cotton
124,34,156,31.92,42.78,4.44,144.66,wheat
103,22,158,22.17,76.98,7.47,126.1,barley
15,28,60,36.34,82.11,8.06,198.12,rice
37,43,120,30.63,47.3,6.6,74.79,millet
81,81,150,35.89,67.57,8.13,282.27,millet
88,27,154,20.16,89.05,5.82,55.72,wheat
15,99,145,39.36,20.06,6.52,294.03,rice
72,12,65,28.63,61.31,6.81,219.3,barley
97,116,144,24.22,32.14,4.63,175.52,wheat
106,44,78,39.95,66.9,4.6,40.09,rice
36,129,173,28.73,89.32,4.38,199.83,barley
116,113,164,23.6,55.66,6.48,146.01,wheat
57,52,113,32.09,60.46,7.81,86.29,cotton
68,110,144,31.53,22.34,4.17,155.32,wheat
28,128,181,21.6,71.11,6.37,260.62,wheat
119,137,25,30.47,62.7,5.1,196.59,millet
19,143,153,26.25,23.69,5.55,237.99,barley
116,136,125,31.48,43.21,5.59,293.77,wheat
74,47,14,33.9,61.83,5.37,239.81,wheat
15,126,153,23.38,23.61,8.46,246.49,cotton
6,78,129,21.65,55.39,7.83,97.8,maize
71,75,70,20.28,27.81,4.79,185.7,maize
114,99,49,25.23,69.05,6.18,243.82,rice
87,26,42,31.91,77.52,7.77,230.77,barley
98,65,174,28.8,64.63,4.95,225.62,wheat
13,72,198,36.39,23.68,6.09,153.34,barley
136,64,102,33.67,47.3,5.18,168.52,barley
3,78,119,27.64,42.1,6.39,287.64,rice
136,95,115,32.21,65.64,5.23,95.69,rice
65,105,123,35.46,72.44,7.3,184.84,maize
133,91,178,33.81,32.59,6.46,208.38,rice
3,110,30,30.51,67.98,5.58,223.07,wheat
49,13,11,32.39,23.98,6.67,270.31,maize
31,35,27,37.13,29.09,6.95,271.97,cotton
47,33,183,23.69,40.62,6.97,41.2,barley
70,114,182,38.07,73.89,5.46,65.35,rice
70,20,102,27.77,89.72,5.16,247.58,maize
112,22,130,39.59,34.05,5.77,200.74,rice
36,143,201,28.63,62.98,4.48,143.64,wheat
26,13,23,21.41,70.93,7.5,25.25,barley
38,5,14,33.29,38.65,7.15,273.29,cotton
0,136,186,38.8,54.35,5.96,256.33,rice
138,62,5,27.69,68.25,7.51,53.94,cotton
91,90,179,26.06,23.86,8.49,201.18,wheat
136,92,25,36.82,73.23,5.3,76.87,cotton
10,103,174,23.82,68.71,8.03,196.57,wheat
124,26,166,28.76,33.26,4.16,27.1,cotton
61,130,104,21.26,57.84,5.38,169.5,barley
4,14,91,21.12,75.14,4.19,53.09,millet
133,122,178,37.4,57.56,7.33,85.24,rice
9,41,130,33.08,52.99,8.13,32.82,millet
33,8,49,32.65,83.33,7.69,47.24,cotton
43,21,32,22.28,61.65,6.77,37.67,maize
109,91,193,33.57,42.7,8.39,181.27,maize
82,59,200,20.91,32.14,4.28,96.69,barley
43,99,146,23.3,37.06,6.62,57.34,millet
96,45,9,37.59,25.65,4.03,279.32,millet
72,111,182,36.15,74.08,7.12,77.72,millet
69,138,120,28.24,85.67,6.75,30.53,maize
127,27,165,36.53,41.08,5.88,176.16,maize
30,140,29,32.38,80.39,8.44,162.11,barley
53,75,18,23.87,75.76,7.08,291.2,barley
127,50,45,33.4,23.02,6.9,99.82,barley
64,90,162,36.1,73.09,4.19,227.32,cotton
45,45,12,29.7,28.12,8.03,221.99,cotton
83,112,55,34.94,82.89,5.04,50.84,maize
25,65,193,28.25,34.0,8.01,40.59,cotton
124,18,116,22.9,84.95,6.05,128.45,maize
117,54,166,27.17,38.88,5.51,28.99,cotton
15,76,39,22.22,52.59,5.88,232.9,maize
75,45,168,39.06,83.39,6.6,174.77,maize
22,110,138,29.78,89.7,6.66,254.36,wheat
3,114,193,37.45,37.35,5.95,82.27,cotton
38,6,111,39.6,22.8,6.12,235.21,rice
108,140,105,29.59,75.86,7.7,146.68,maize
21,8,182,34.64,86.5,4.6,102.82,millet
23,9,127,33.38,31.33,6.07,179.71,cotton
6,121,123,35.44,81.19,5.82,241.16,wheat
118,5,165,21.41,82.54,5.5,29.16,barley
69,143,152,35.89,75.14,4.36,266.64,millet
14,136,177,27.28,23.61,5.72,150.3,rice
93,98,49,32.96,69.34,6.52,236.6,maize
85,66,143,22.27,53.49,8.23,182.43,millet
53,62,87,27.05,38.72,7.06,97.6,rice
95,93,120,29.72,56.87,4.55,218.75,millet
136,79,120,32.42,75.99,8.25,246.46,rice
48,122,27,21.6,82.86,5.3,287.86,rice
42,75,33,33.94,54.74,7.94,165.79,millet
5,80,111,39.39,57.9,4.59,117.08,barley
5,79,53,21.26,81.03,5.05,285.29,millet
85,110,153,26.86,65.22,5.47,186.14,millet
135,145,118,29.16,59.71,8.04,105.82,wheat
58,128,100,39.41,73.88,4.21,118.87,barley
42,46,187,30.71,32.76,4.79,218.27,millet
39,46,65,22.34,89.56,6.59,143.45,wheat
47,57,148,34.14,66.59,8.4,61.42,barley
138,46,141,26.03,84.43,5.82,159.84,maize
117,86,44,20.09,71.69,8.39,112.76,millet
75,126,79,39.39,72.79,8.47,206.73,cotton
113,91,181,22.25,53.53,4.18,209.84,rice
78,11,107,32.35,35.43,5.61,111.38,cotton
49,139,61,35.63,73.7,4.88,43.41,barley
22,136,105,23.89,42.24,6.72,284.15,millet
92,106,42,34.32,49.93,5.74,23.41,wheat
89,83,119,37.49,26.13,7.28,144.38,barley
113,78,46,36.11,87.93,5.91,271.0,maize
22,41,58,26.06,89.19,6.36,113.92,cotton
96,27,6,28.19,84.01,5.87,175.63,millet
35,56,52,36.65,40.26,6.21,250.38,wheat
77,131,148,34.8,35.72,7.56,63.13,wheat
120,36,172,33.32,40.14,4.81,273.9,millet
62,12,35,35.29,54.51,8.37,187.69,wheat
123,116,71,32.56,53.32,7.12,53.48,cotton
4,71,46,31.63,30.23,6.07,214.12,wheat
41,18,74,27.22,64.54,8.3,33.64,wheat
135,24,136,23.88,63.96,7.44,187.65,maize
139,87,85,36.54,67.95,5.35,211.92,millet
92,29,141,31.6,77.63,4.06,165.09,wheat
124,110,92,38.42,31.41,4.98,160.95,maize
134,141,187,31.02,72.94,4.51,148.94,rice
29,38,9,29.59,41.81,5.63,248.77,cotton
133,92,49,34.2,22.01,7.67,82.26,millet
36,63,83,22.51,29.12,4.35,213.43,rice
19,9,203,29.69,50.19,4.88,29.18,millet
131,20,125,22.38,37.71,4.3,206.92,rice
31,57,155,38.02,32.93,5.58,45.42,millet
71,94,95,23.21,55.04,7.28,87.71,cotton
17,30,153,35.26,57.02,7.22,289.99,maize
137,6,190,21.97,34.98,6.27,218.17,wheat
47,117,177,39.15,32.66,5.6,126.29,maize
131,63,109,22.26,88.92,4.56,50.89,maize
126,97,185,25.77,70.55,4.37,158.24,barley
72,121,158,34.72,68.09,7.78,83.24,barley
74,114,53,37.14,82.63,7.61,282.94,wheat
45,8,177,29.83,27.36,5.97,204.39,rice
30,41,106,28.01,61.34,4.46,279.08,maize
16,98,55,26.77,61.65,8.46,54.37,barley
127,76,200,34.27,60.73,5.23,241.06,millet
102,96,126,33.33,86.51,8.44,163.2,maize
116,32,36,25.01,54.81,6.83,57.69,rice
13,22,132,33.56,88.05,5.72,210.18,maize
77,29,199,21.53,72.61,7.45,241.96,maize
75,132,130,30.1,57.97,7.64,171.35,rice
8,115,35,27.67,42.02,5.69,148.7,rice
45,82,185,23.28,50.15,5.41,128.94,rice
125,143,151,29.4,59.36,4.7,35.61,wheat
126,101,162,33.53,73.65,5.28,37.2,cotton
11,37,98,26.98,71.94,4.12,269.58,wheat
97,29,114,26.9,45.02,5.58,205.15,maize
60,84,156,21.7,68.16,7.91,52.05,maize
5,142,88,20.75,66.04,5.9,164.13,barley
68,10,183,29.39,21.56,5.42,179.7,wheat
25,130,30,33.82,34.41,6.24,247.21,millet
86,47,162,25.99,87.86,4.91,197.92,rice
137,59,78,25.3,40.81,6.58,245.29,cotton
23,29,156,26.74,24.71,7.61,153.08,maize
88,24,171,36.47,55.32,5.35,205.77,wheat
51,111,107,25.03,56.08,7.02,173.32,rice
132,52,152,29.98,66.26,7.71,282.67,wheat
136,116,149,34.53,24.19,4.9,149.5,maize
38,81,116,28.21,80.21,8.1,197.5,barley
68,78,170,23.21,68.08,5.06,86.78,maize
49,12,67,35.94,41.74,6.18,297.56,barley
9,56,45,25.45,22.04,7.55,97.78,cotton
45,15,189,29.72,21.39,7.87,43.5,cotton
76,21,109,37.94,67.02,7.99,131.13,millet
35,65,33,31.42,55.02,4.54,205.98,cotton
134,69,132,37.69,36.67,4.55,245.87,wheat
99,65,113,24.36,27.48,4.96,96.87,barley
65,19,130,30.67,68.97,4.51,172.81,barley
63,76,205,38.74,45.41,7.22,249.98,rice
8,18,181,38.35,67.01,5.14,127.71,millet
92,36,141,37.34,80.04,5.75,274.74,barley
65,82,28,38.73,72.97,5.34,260.64,maize
112,86,201,32.89,75.25,5.23,42.43,barley
120,110,90,34.35,81.37,7.69,250.83,millet
66,134,21,27.04,62.15,7.66,226.58,barley
7,18,169,32.83,64.11,7.56,58.11,barley
51,83,85,31.52,27.76,5.12,219.8,millet
33,110,86,29.03,81.15,4.6,68.57,cotton
83,77,55,21.69,45.73,5.77,125.65,cotton
57,10,10,38.46,65.3,6.82,273.92,barley
50,72,184,37.04,23.48,6.78,188.11,maize
22,99,48,38.94,28.21,7.23,141.84,barley
126,35,62,34.27,33.34,7.88,238.99,wheat
126,102,38,28.63,34.46,4.97,250.74,millet
48,112,51,28.17,30.22,5.31,93.3,cotton
115,68,99,31.66,65.31,4.39,151.29,wheat
101,59,187,27.67,49.63,6.69,40.46,cotton
15,18,90,38.62,52.97,5.59,189.78,millet
11,6,69,30.09,46.67,8.4,207.95,maize
10,50,71,23.4,54.5,5.53,151.06,rice
81,140,115,22.84,28.18,4.2,55.8,wheat
92,115,77,38.06,38.43,7.73,279.48,cotton
80,116,47,26.31,89.62,7.44,62.35,millet
112,18,53,22.97,36.09,4.16,92.86,millet
119,116,34,39.9,84.9,4.18,119.83,millet
124,122,131,22.25,70.38,4.67,117.89,maize
72,51,48,35.0,77.58,6.53,205.68,maize
1,139,201,31.42,49.15,4.35,235.11,millet
24,89,11,25.69,88.69,4.55,124.6,rice
82,44,12,21.62,78.15,6.97,147.14,wheat
1,89,16,33.12,86.56,5.46,224.83,millet
33,59,17,36.03,39.81,7.59,228.26,cotton
97,28,107,25.1,36.81,7.47,131.7,rice
53,46,104,35.59,39.95,7.39,203.14,rice
76,130,115,34.72,84.52,8.07,188.98,wheat
24,99,136,24.0,51.18,5.75,95.17,cotton
108,28,198,28.45,45.78,4.84,196.59,rice
10,136,92,39.47,67.35,6.91,219.82,barley
134,139,26,25.81,50.61,8.08,153.73,maize
32,81,68,30.46,40.68,4.21,41.43,rice
131,32,135,28.5,26.61,6.97,179.17,wheat
90,70,154,21.64,55.24,4.51,205.24,maize
46,105,16,21.67,81.37,5.34,184.42,barley
115,72,92,39.33,80.99,4.84,71.82,millet
66,32,116,30.69,20.41,4.53,68.09,barley
117,108,173,39.32,62.13,6.19,193.18,cotton
92,106,82,21.75,29.46,4.86,248.47,millet
48,11,58,29.62,30.16,5.09,255.79,cotton
48,27,82,35.39,30.37,5.9,52.61,maize
113,129,125,20.39,51.47,5.09,102.55,barley
13,90,7,22.05,79.33,5.94,136.39,barley
74,14,129,27.99,55.93,7.26,281.88,barley
59,20,140,20.38,60.35,6.49,95.0,millet
106,126,34,29.9,85.73,5.56,215.3,rice
41,78,190,23.84,44.07,5.04,81.52,millet
86,124,38,37.66,70.61,5.76,136.72,millet
92,125,46,32.44,39.77,7.37,206.78,maize
44,56,45,32.11,27.06,5.87,298.25,wheat
60,58,147,20.94,21.27,7.96,119.97,maize
44,133,13,36.14,43.64,4.51,83.47,cotton
57,129,71,39.87,74.94,7.46,235.63,cotton
68,43,181,37.47,62.3,4.47,34.12,barley
117,33,32,35.63,62.68,7.86,48.52,cotton
10,134,31,23.34,28.26,4.92,121.26,millet
74,118,200,30.12,71.28,4.45,201.19,wheat
35,36,56,28.78,49.1,7.46,88.69,barley
87,78,134,23.43,38.62,7.22,136.2,millet
62,43,197,35.07,49.52,5.03,244.5,barley
104,122,137,35.89,45.32,4.13,60.76,rice
132,22,26,26.77,48.12,7.48,141.54,barley
9,43,152,21.16,64.21,7.21,204.9,cotton
75,112,107,37.72,69.06,7.93,222.03,wheat
88,7,76,38.0,62.73,4.66,133.1,millet
52,144,164,35.77,65.64,7.14,268.55,millet
103,55,82,21.69,57.62,5.75,221.29,maize
133,143,77,24.27,55.82,5.41,115.4,millet
40,10,12,37.81,57.8,5.16,253.02,wheat
108,134,33,34.64,78.91,5.17,162.1,rice
12,36,119,25.96,71.58,6.04,295.23,millet
136,64,94,25.98,66.68,7.67,180.37,maize
96,138,193,24.95,42.95,6.62,250.4,wheat
116,30,42,34.23,77.99,4.37,37.41,maize
121,59,119,21.56,67.38,5.81,176.51,barley
67,132,167,28.47,50.81,8.19,157.07,barley
41,41,134,22.54,69.78,4.58,217.27,cotton
30,59,121,29.47,72.25,8.25,123.41,rice
104,33,35,27.39,40.27,6.35,52.97,wheat
95,82,80,29.72,75.38,4.64,185.09,rice
78,77,60,23.66,71.78,4.01,173.31,rice
11,111,128,31.46,59.6,8.05,238.78,barley
33,40,134,32.73,73.32,7.0,61.72,millet
83,27,164,33.29,48.67,5.05,130.71,cotton
11,118,193,25.55,26.2,4.75,26.95,millet
79,36,169,31.19,33.47,6.78,181.52,rice
133,53,197,29.52,82.78,4.54,282.13,maize
4,75,57,24.91,69.39,7.99,144.38,cotton
82,107,155,20.9,80.34,4.1,142.36,barley
6,140,86,27.64,26.37,8.41,171.7,wheat
36,51,70,35.37,30.8,8.28,210.01,rice
83,51,11,34.27,40.86,4.44,59.89,wheat
66,101,35,21.04,36.77,6.69,86.22,cotton
